#000000,black
#000080,navy blue
#000091,dark blue
#0000a0,dark blue
#0000ff,blue
#00552b,dark green
#006400,dark green
#0066cc,blue
#006837,dark green
#008000,green
#008080,dark teal
#0080ff,light blue
#00823f,green
#00847e,dark teal
#008860,green
#008b8b,dark cyan
#00974b,green
#00a854,green
#00bb5e,green
#00bfff,light blue
#00ced1,light blue
#00fa9a,light green
#00ff00,light green
#00ff7f,light green
#00ffff,cyan
#016c59,dark green
#01fce2,cyan
#036e69,dark teal
#057570,dark teal
#099676,green
#0f283e,dark blue
#0f739c,light blue
#110000,black
#1190da,light blue
#155b09,green
#191970,navy blue
#1a9850,green
#1c9099,dark teal
#20b2aa,light teal
#225ea8,dark blue
#228b22,green
#22a785,green
#287669,dark teal
#2876dd,blue
#2a788e,teal
#2a939b,light teal
#2d8587,dark teal
#2e5778,dark blue
#2e8b57,green
#2f4f4f,dark green
#31a354,green
#32cd32,light green
#3360a9,blue
#34983f,dark green
#35a918,bright green
#366388,dark blue
#378375,green
#3c4e66,dark blue
#400000,dark red
#400040,dark purple
#400080,purple
#408080,teal
#4080ff,blue
#40e0d0,cyan
#414487,purple
#4169e1,blue
#41b6c4,light blue
#41b7fe,light blue
#436eee,blue
#440154,purple
#4682b4,light blue
#468d02,green
#473c8b,purple
#483d8b,purple
#4b0082,purple
#4c2a66,purple
#4c566c,gray
#4c5c78,gray
#4c6a9c,blue
#4f94cd,light blue
#53868b,light green
#556b2f,green
#562c77,purple
#578145,green
#585c64,gray
#5887a1,blue
#5d2b76,purple
#5f9ea0,light green
#640032,dark red
#648f52,green
#6495ed,light blue
#663399,purple
#666666,gray
#66bd63,green
#66cdaa,light green
#67a9cf,light blue
#69b265,green
#6a5acd,purple
#6b8e23,green
#6d3e91,purple
#6e309e,purple
#6f6682,gray
#708090,gray
#729f25,green
#743b9f,purple
#747676,gray
#75c030,light green
#76a4f8,light blue
#76a5e3,light blue
#78d153,light green
#7e45a9,purple
#7ec7ce,light blue
#7f7f7f,gray
#7fffd4,light green
#800000,dark red
#800040,dark red
#800080,purple
#808000,green
#808080,gray
#8080c0,light purple
#8080ff,light purple
#80ff00,light green
#80ff80,light green
#80ffff,light blue
#810f7c,purple
#818282,gray
#87bc24,light green
#87ceeb,light blue
#883039,red
#8856a7,purple
#8a2be2,purple
#8b0000,dark red
#8b008b,purple
#8b4513,brown
#8c4569,pink
#8c96c6,light purple
#8f6321,brown
#8fbc8f,light green
#90ee90,light green
#911c2e,dark red
#919191,gray
#91e9f9,light blue
#923e8b,purple
#927eb7,light purple
#932834,dark red
#959500,green
#980043,dark red
#98031a,dark red
#996666,brown
#999999,gray
#9a3585,pink
#9a5129,brrown
#9acd32,light green
#9b5855,brown
#9ecc8a,light green
#a020f0,purple
#a0522d,brown
#a1dab4,light green
#a2559c,pink
#a50026,red
#a50f15,red
#a52a2a,brown
#a60b0b,red
#a61e33,red
#a652ba,purple
#a6d96a,light green
#a6ffd2,light green
#a80000,red
#a8633c,brown
#aaa9d6,light blue
#adadad,gray
#addd8e,light green
#adff2f,light green
#ae0000,red
#b0171f,red
#b03060,dark pink
#b077b1,purple
#b13507,brown
#b1b1b1,gray
#b36216,brown
#b3cde3,light blue
#b8860b,light brown
#ba55d3,pink
#bababa,gray
#bb4859,light red
#bc5858,light red
#bc8f8f,light brown
#bd847a,light brown
#bdb76b,olive
#bdc9e1,light blue
#bebebe,gray
#bfb160,olive
#bfbfbf,gray
#c05917,brown
#c08d54,brown
#c0b8b4,gray
#c0c0c0,light gray
#c1af33,olive
#c1bfb4,gray
#c271da,pink
#c45267,light red
#c51b8a,pink
#c71585,pink
#c85a79,light red
#c8640c,dark orange
#ca2628,red
#cc9900,light brown
#cccccc,light gray
#cd2285,dark pink
#cd5c5c,light red
#cd853f,brown
#cf0a66,pink
#cfcd1e,light green
#cfd164,light green
#d2691e,brown
#d26e66,light red
#d2b48c,light brown
#d50000,red
#d63115,red
#d73027,red
#d73c50,light red
#d7b5d8,light purple
#d82d2b,red
#d9ef8b,light green
#da70d6,pink
#daa520,light brown
#db7093,pink
#dc143c,red
#dd1c77,pink
#de2d26,red
#df65b0,pink
#e04e4b,light red
#e0531f,dark orange
#e5292f,red
#e57e33,dark orange
#e5e3d8,light gray
#e6332e,red
#e9967a,light orange
#eabb1c,dark yellow
#ebb523,dark yellow
#ebbd21,dark yellow
#ebce01,yellow
#ed6c2d,orange
#edf8fb,light blue
#ee3a8c,pink
#ee82ee,pink
#f03b20,red
#f0e68c,light yellow
#f1eef6,light gray
#f3a410,orange
#f46d43,dark orange
#f4a460,orange
#f6a324,orange
#f6eff7,light gray
#f7fcb9,light yellow
#fa3232,red
#fa9fb5,light pink
#fb530b,orange
#fb6a4a,light red
#fc9272,light orange
#fcbba1,light orange
#fdae61,orange
#fde0dd,light pink
#feb24c,orange
#fee08b,light yellow
#fee5d9,light orange
#ff0000,red
#ff00ff,pink
#ff1493,pink
#ff1515,red
#ff4500,orange red
#ff69b4,pink
#ff7f50,light orange
#ff8000,orange
#ff8036,orange
#ff8040,orange
#ff8080,light pink
#ff80c0,light pink
#ff80ff,pink
#ff8c00,dark orange
#ff9b98,light pink
#ffa07a,light orange
#ffa500,orange
#ffc125,yellow
#ffd53e,yellow
#ffd700,yellow
#ffec8b,light yellow
#ffeda0,light yellow
#ffff00,yellow
#ffff80,light yellow
#ffffcc,light yellow
#ffffff,white